Workbook

Sheet plantilla_analisis_errores
A1: image_id | B1: image_path | C1: caption | D1: clipscore_simplificado | E1: relacion_imagen | F1: categoria_error | G1: severidad_1_a_5 | H1: evidencia_visual | I1: comentario_tecnico | J1: blip
A2: video4177 | B2: /workspace/Exposicion2/notebook_MSR_VTT/data/raw/video4177.jpg | C2: a basketball game is occurring | D2: 0.1872271 | E2: incorrecto | F2: alucinacion | G2: 5 | H2: ninguna | I2: Debido a que la imagen se genera de video, se extrajo el frame incorrecto de intervalo entre los episodios de encestar. Siendo el caption humano especifico incorrecto. Sin embargo blip generó un caption más relacionado. | J2: =VLOOKUP(A2,generados!A$2:E$117,5,FALSE) -> a 3d image of a red and blue phone
A3: video4087 | B3: /workspace/Exposicion2/notebook_MSR_VTT/data/raw/video4087.jpg | C3: a basketball player celebrates winning an award | D3: 0.18780987 | E3: correcto | F3: sesgo | G3: 3 | H3: se muestra celebración con uniformes | I3: Extracción de video sin contexto.Blip no incluye contexto del texto. | J3: =VLOOKUP(A3,generados!A$2:E$117,5,FALSE) -> a group of people playing instruments in a room
A4: video3525 | B4: /workspace/Exposicion2/notebook_MSR_VTT/data/raw/video3525.jpg | C4: a dog is running on a field | D4: 0.19282442 | E4: correcto | F4: conteo | G4: 1 | H4: perro en campo, una persona mirando | I4: Extracción de frame del video sin contexto.Blip se enfoca en la persona.La atención debio ser al perro. | J4: =VLOOKUP(A4,generados!A$2:E$117,5,FALSE) -> a man in a suit and tie is sitting at a desk
A5: video2967 | B5: /workspace/Exposicion2/notebook_MSR_VTT/data/raw/video2967.jpg | C5: a basketball player dunks the ball | D5: 0.19463058 | F5: pendiente | G5: pendiente | H5: pendiente | I5: pendiente | J5: =VLOOKUP(A5,generados!A$2:E$117,5,FALSE) -> a 3d image of a red and blue phone
A6: video3373 | B6: /workspace/Exposicion2/notebook_MSR_VTT/data/raw/video3373.jpg | C6: a football players are running | D6: 0.19466266 | E6: incorrecto | F6: sesgo | G6: 3 | H6: se muestra parte de un jugador pasando delante de una persona | I6: Extracción de frame del video sin contexto.Blip se enfoca en la persona, desconoce el contexto porque la imagen no expone. | J6: =VLOOKUP(A6,generados!A$2:E$117,5,FALSE) -> a man in a suit and tie is standing in front of a crowd
A7: video3872 | B7: /workspace/Exposicion2/notebook_MSR_VTT/data/raw/video3872.jpg | C7: two men compete in a game of table tennis by vigorously volleying the ping pong ball over the net | D7: 0.2035145 | E7: incorrecto | F7: alucinacion | G7: 5 | H7: ninguna | I7: Debido a que la imagen se genera de video, se extrajo el frame presentacion. Siendo el caption humano especifico incorrecto. Sin embargo blip generó un caption apoyado en la imagen y el texto | J7: =VLOOKUP(A7,generados!A$2:E$117,5,FALSE) -> a person is doing a trick on a ball
A8: video1954 | B8: /workspace/Exposicion2/notebook_MSR_VTT/data/raw/video1954.jpg | C8: a blocky video game character is running towards a flight of stairs while dodging arrows and firing back at his assailant before finally reaching the stairs and walking up them victoriously | D8: 0.204099 | E8: incorrecto | F8: alucinacion | G8: 5 | H8: ninguna | I8: Extraccion frame no representativo.Blip cometió error de OCR, la frase se equivoca en 2 palabras y omite 2. | J8: =VLOOKUP(A8,generados!A$2:E$117,5,FALSE) -> 20 % of nexus facts
A9: video2553 | B9: /workspace/Exposicion2/notebook_MSR_VTT/data/raw/video2553.jpg | C9: there is a animated character playing tennis very slowly | D9: 0.20712288 | F9: pendiente | G9: pendiente | H9: pendiente | I9: pendiente | J9: =VLOOKUP(A9,generados!A$2:E$117,5,FALSE) -> a person is doing a trick on a ball
A10: video3242 | B10: /workspace/Exposicion2/notebook_MSR_VTT/data/raw/video3242.jpg | C10: a montoge of soccer games | D10: 0.21405447 | F10: pendiente | G10: pendiente | H10: pendiente | I10: pendiente | J10: =VLOOKUP(A10,generados!A$2:E$117,5,FALSE) -> a man in a suit and tie is standing in front of a crowd
A11: video3541 | B11: /workspace/Exposicion2/notebook_MSR_VTT/data/raw/video3541.jpg | C11: three basketball players in orange shirts perform fantastic moves | D11: 0.2166304 | E11: parcial | F11: sesgo | G11: 1 | H11: imagen de un jugador | I11: caption humano: Extraccion frame no representativo.Blip tiene más relación con la imagen, omite 2 sombras de otras personas | J11: =VLOOKUP(A11,generados!A$2:E$117,5,FALSE) -> a man is running down a steep hill
A12: video4167 | B12: /workspace/Exposicion2/notebook_MSR_VTT/data/raw/video4167.jpg | C12: a group of mermaids are a swimming in the ocean with other water creatures | D12: 0.2224009 | E12: incorrecto | F12: alucinacion | G12: 5 | H12: ninguna | I12: caption humano: Extraccion frame no representativo.Blip tiene más relación con la imagen, omite 2 sombras de otras personas | J12: =VLOOKUP(A12,generados!A$2:E$117,5,FALSE) -> a bunch of oranges in a cage
A13: video2120 | B13: /workspace/Exposicion2/notebook_MSR_VTT/data/raw/video2120.jpg | C13: a golfer drives a ball | D13: 0.22396293 | E13: correcto | F13: vago | G13: 2 | H13: se muestra el golfer | I13: Extracción de frames, solo que el caption humano podría ser más específico.Blip genero un mejor captions en relación a imagen. | J13: =VLOOKUP(A13,generados!A$2:E$117,5,FALSE) -> a screen shot of a football game with the words'football '
A14: video1913 | B14: /workspace/Exposicion2/notebook_MSR_VTT/data/raw/video1913.jpg | C14: a football player dances with his team-mates | D14: 0.22641587 | E14: parcial | F14: acción | G14: 2 | H14: imagen de jugadores | I14: Extracción de frame relacionado, solo que el caption humano tiene el contexto del video.Blip omite otros objetos (jugadores) | J14: =VLOOKUP(A14,generados!A$2:E$117,5,FALSE) -> a football player is running with the ball
A15: video3346 | B15: /workspace/Exposicion2/notebook_MSR_VTT/data/raw/video3346.jpg | C15: a college football game being played | D15: 0.22661269 | E15: correcto | G15: 0 | H15: personas con uniforme buzo mirando algo en un estadio. | I15: Extraccion de frame representativo. Blip no relaciona los uniformes y contexto de imagen.Blip cometería error de acción, nivel bajo 1 | J15: =VLOOKUP(A15,generados!A$2:E$117,5,FALSE) -> a group of people in yellow shirts and black hats
A16: video3228 | B16: /workspace/Exposicion2/notebook_MSR_VTT/data/raw/video3228.jpg | C16: a man in white tshirt is running way from someone | D16: 0.227422 | E16: correcto | F16: acción | G16: 1 | H16: hombre con la camisa | I16: Extracción de frame parcial, el texto da más contexto. Blip, se enfoca en la imagen, siendo correcto también. | J16: =VLOOKUP(A16,generados!A$2:E$117,5,FALSE) -> a man is sitting at a table with a plate of food
A17: video1940 | B17: /workspace/Exposicion2/notebook_MSR_VTT/data/raw/video1940.jpg | C17: a baseball player is sliding into second base | D17: 0.22780196 | E17: correcto | F17: acción | G17: 1 | H17: se muestra el juego | I17: Frame extraido representativo, Blip genera captions general, sin enfocar accion | J17: =VLOOKUP(A17,generados!A$2:E$117,5,FALSE) -> a tv screen with a football game on it
A18: video4091 | B18: /workspace/Exposicion2/notebook_MSR_VTT/data/raw/video4091.jpg | C18: a star on the abc network enjoys jet-skiing on a lake | D18: 0.22856197 | E18: incorrecto | F18: alucinacion | G18: 5 | H18: se muestra el circulo | I18: Frame extraido no representativo al relación al caption humano, Blip genera captions específico | J18: =VLOOKUP(A18,generados!A$2:E$117,5,FALSE) -> a red circle is seen in the dark
A19: video3265 | B19: /workspace/Exposicion2/notebook_MSR_VTT/data/raw/video3265.jpg | C19: 3 guys talking about if wiffleball or baseball is better | D19: 0.23138033 | E19: incorrecto | F19: objeto | G19: 4 | H19: muestra hombre | I19: Frame extraido no representativo al relación al caption humano, Blip genera captions específico | J19: =VLOOKUP(A19,generados!A$2:E$117,5,FALSE) -> a man in a red shirt and hat
A20: video4201 | B20: /workspace/Exposicion2/notebook_MSR_VTT/data/raw/video4201.jpg | C20: a basketball player lands a shot from half court | D20: 0.2321071 | E20: correcto | F20: acción | H20: imagen jugador basketball en juego | I20: Ambos correctos | J20: =VLOOKUP(A20,generados!A$2:E$117,5,FALSE) -> a baseball player is throwing a ball at the plate
A21: video3764 | B21: /workspace/Exposicion2/notebook_MSR_VTT/data/raw/video3764.jpg | C21: a basketball player dunking | D21: 0.23423588 | E21: parcial | F21: acción | G21: 2 | H21: imagen jugador | I21: Frame parcial con caption humano. Blip agrega acción de celebrar. | J21: =VLOOKUP(A21,generados!A$2:E$117,5,FALSE) -> the rockets'team celebrates after their win over the rockets
A22: video4071 | B22: /workspace/Exposicion2/notebook_MSR_VTT/data/raw/video4071.jpg | C22: there is a man running in to the grass | D22: 0.24069646 | E22: incorrecto | F22: alucinacion | G22: 5 | H22: muestra pantalla | I22: frame no representativo.Blip más de acuerdo con sesgo (video game) | J22: =VLOOKUP(A22,generados!A$2:E$117,5,FALSE) -> a screenshot of a video game
A23: video2314 | B23: /workspace/Exposicion2/notebook_MSR_VTT/data/raw/video2314.jpg | C23: there is a tiger running towards the water | D23: 0.26592788 | E23: correcto | G23: 0 | H23: se muestra tigre con personas alrededor | I23: Ambos correctos | J23: =VLOOKUP(A23,generados!A$2:E$117,5,FALSE) -> a tiger is walking around a fence
A24: video1368 | B24: /workspace/Exposicion2/notebook_MSR_VTT/data/raw/video1368.jpg | C24: a cartoon animal is running around | D24: 0.26002792 | E24: parcial | F24: sesgo | G24: 2 | H24: cartoon animal | I24: Frame parcial de caption humano.Blip genera sin relacionar (grounding bajo) | J24: =VLOOKUP(A24,generados!A$2:E$117,5,FALSE) -> a screenshot of a game with a bird flying over it
A25: video2379 | B25: /workspace/Exposicion2/notebook_MSR_VTT/data/raw/video2379.jpg | C25: two people playing table tennis game in front of the audience | D25: 0.31434545 | E25: correcto | F25: sesgo/Blip objeto | G25: 1 | H25: 2 jugadores con la mesa de tenis | I25: Frame correcto al caption humano. Blip se centro en un objeto, siendo 2 objetos (objeto) | J25: =VLOOKUP(A25,generados!A$2:E$117,5,FALSE) -> a woman playing a game of table tennis
A26: video2445 | B26: /workspace/Exposicion2/notebook_MSR_VTT/data/raw/video2445.jpg | C26: a man catches footballs while navigating abound small pools of water | D26: 0.2611861 | E26: incorrecto | F26: acción | G26: 3 | H26: persona con cometa | I26: Frame no representativo al caption humano.Blip más especifico | J26: =VLOOKUP(A26,generados!A$2:E$117,5,FALSE) -> a man in a green shirt is holding a kite
A27: video1002 | B27: /workspace/Exposicion2/notebook_MSR_VTT/data/raw/video1002.jpg | C27: a baseball pitcher practicing his pitches | D27: 0.3135233 | E27: correcto | F27: - | G27: 0 | H27: se tiene a la persona con la acción | I27: Ambos correctos | J27: =VLOOKUP(A27,generados!A$2:E$117,5,FALSE) -> a baseball player pitching a ball on a field
A28: video1211 | B28: /workspace/Exposicion2/notebook_MSR_VTT/data/raw/video1211.jpg | C28: a cowboy and a police officer firings guns followed by football action | D28: 0.2602325 | E28: incorrecto | F28: acción | G28: 4 | H28: muestra el contexto, sin objetos | I28: Frame no representativo al caption humano.Blip más especifico | J28: =VLOOKUP(A28,generados!A$2:E$117,5,FALSE) -> a soccer field with a goal and a goal post
A29: video3540 | B29: /workspace/Exposicion2/notebook_MSR_VTT/data/raw/video3540.jpg | C29: a football player is making a goal into the goal post | D29: 0.25702316 | E29: incorrecto | F29: acción | G29: 4 | H29: imagen muy oscura | I29: Blip parece con sesgo por acción. | J29: =VLOOKUP(A29,generados!A$2:E$117,5,FALSE) -> a video of a soccer game being played by a man
A30: video3826 | B30: /workspace/Exposicion2/notebook_MSR_VTT/data/raw/video3826.jpg | C30: football teams throw the ball and run down the field before diving off the sideline | D30: 0.29362673 | E30: correcto | F30: sesgo | G30: 1 | H30: juego | I30: Frame representativo. Blip genera caption general. | J30: =VLOOKUP(A30,generados!A$2:E$117,5,FALSE) -> a football player running with the ball
A31: video2685 | B31: /workspace/Exposicion2/notebook_MSR_VTT/data/raw/video2685.jpg | C31: a compilation of a few different soccer games | D31: 0.2874659 | E31: correcto | F31: sesgo | G31: 1 | H31: juego | I31: Frame representativo. Blip genera caption general. | J31: =VLOOKUP(A31,generados!A$2:E$117,5,FALSE) -> a soccer game is being played on the field
A32: video1967 | B32: /workspace/Exposicion2/notebook_MSR_VTT/data/raw/video1967.jpg | C32: a man with spiky hair talks with a news reporter about golf | D32: 0.29446518 | E32: correcto | F32: sesgo | G32: 1 | H32: imagen de hombre | I32: Frame no representativo al caption humano.Blip más especifico pero sin contexto. | J32: =VLOOKUP(A32,generados!A$2:E$117,5,FALSE) -> a man in a white shirt is standing in front of a plane
A33: video2877 | B33: /workspace/Exposicion2/notebook_MSR_VTT/data/raw/video2877.jpg | C33: a basketball player shoots a layup | D33: 0.2799959 | E33: correcto | F33: acción | G33: 1 | H33: jugador | I33: Ambos correctos | J33: =VLOOKUP(A33,generados!A$2:E$117,5,FALSE) -> a basketball player is duning at the ball
A34: video1329 | B34: /workspace/Exposicion2/notebook_MSR_VTT/data/raw/video1329.jpg | C34: a basketball assist leads to a slam-dunk | D34: 0.29292002 | E34: correcto | F34: acción | G34: 1 | H34: jugador | I34: Ambos correctos | J34: =VLOOKUP(A34,generados!A$2:E$117,5,FALSE) -> a basketball player is trying to block the ball

Sheet perturbacion
A1: image_id | B1: image_path | C1: tipo_perturbacion | D1: texto | E1: clipscore_simplificado
A2: video1002 | B2: /workspace/Exposicion2/notebook_MSR_VTT/data/raw/video1002.jpg | C2: original | D2: a baseball pitcher practicing his pitches | E2: 0.31352317
A3: video1002 | B3: /workspace/Exposicion2/notebook_MSR_VTT/data/raw/video1002.jpg | C3: negacion | D3: no a baseball pitcher practicing his pitches | E3: 0.2923356
A4: video1002 | B4: /workspace/Exposicion2/notebook_MSR_VTT/data/raw/video1002.jpg | C4: conteo | D4: dos a baseball pitcher practicing his pitches | E4: 0.29716283
A5: video1002 | B5: /workspace/Exposicion2/notebook_MSR_VTT/data/raw/video1002.jpg | C5: atributo | D5: a baseball pitcher practicing his pitches de color rojo | E5: 0.31334957
A6: video1002 | B6: /workspace/Exposicion2/notebook_MSR_VTT/data/raw/video1002.jpg | C6: objeto_externo | D6: a baseball pitcher practicing his pitches con un avion visible | E6: 0.31211275
A7: video1030 | B7: /workspace/Exposicion2/notebook_MSR_VTT/data/raw/video1030.jpg | C7: original | D7: a man talks about football scores | E7: 0.2583431
A8: video1030 | B8: /workspace/Exposicion2/notebook_MSR_VTT/data/raw/video1030.jpg | C8: negacion | D8: no a man talks about football scores | E8: 0.2525397
A9: video1030 | B9: /workspace/Exposicion2/notebook_MSR_VTT/data/raw/video1030.jpg | C9: conteo | D9: dos a man talks about football scores | E9: 0.2716778
A10: video1030 | B10: /workspace/Exposicion2/notebook_MSR_VTT/data/raw/video1030.jpg | C10: atributo | D10: a man talks about football scores de color rojo | E10: 0.2694484
A11: video1030 | B11: /workspace/Exposicion2/notebook_MSR_VTT/data/raw/video1030.jpg | C11: objeto_externo | D11: a man talks about football scores con un avion visible | E11: 0.26445603
A12: video1071 | B12: /workspace/Exposicion2/notebook_MSR_VTT/data/raw/video1071.jpg | C12: original | D12: a couple of people shooting a basketball | E12: 0.2715326
A13: video1071 | B13: /workspace/Exposicion2/notebook_MSR_VTT/data/raw/video1071.jpg | C13: negacion | D13: no a couple of people shooting a basketball | E13: 0.24058087
... A201: video2248 | B201: /workspace/Exposicion2/notebook_MSR_VTT/data/raw/video2248.jpg | C201: objeto_externo | D201: on a baseball field referees discuss a play con un avion visible | E201: 0.26671073

Sheet generados
A1: video_id | B1: image_path | C1: video_path | D1: caption_1 | E1: caption_generado
A2: video1002 | B2: /workspace/Exposicion2/notebook_MSR_VTT/data/raw/video1002.jpg | C2: /workspace/Exposicion2/notebook_MSR_VTT/data/msr-vtt/videos/video1002.mp4 | D2: a baseball pitcher practicing his pitches | E2: a baseball player pitching a ball on a field
A3: video1030 | B3: /workspace/Exposicion2/notebook_MSR_VTT/data/raw/video1030.jpg | C3: /workspace/Exposicion2/notebook_MSR_VTT/data/msr-vtt/videos/video1030.mp4 | D3: a man talks about football scores | E3: two men in suits sitting on a tv set
A4: video1071 | B4: /workspace/Exposicion2/notebook_MSR_VTT/data/raw/video1071.jpg | C4: /workspace/Exposicion2/notebook_MSR_VTT/data/msr-vtt/videos/video1071.mp4 | D4: a couple of people shooting a basketball | E4: a group of men playing basketball on a court
A5: video1077 | B5: /workspace/Exposicion2/notebook_MSR_VTT/data/raw/video1077.jpg | C5: /workspace/Exposicion2/notebook_MSR_VTT/data/msr-vtt/videos/video1077.mp4 | D5: a commercial for a soccer video game | E5: a soccer game is shown in the screen
A6: video1211 | B6: /workspace/Exposicion2/notebook_MSR_VTT/data/raw/video1211.jpg | C6: /workspace/Exposicion2/notebook_MSR_VTT/data/msr-vtt/videos/video1211.mp4 | D6: a cowboy and a police officer firings guns followed by football action | E6: a soccer field with a goal and a goal post
A7: video1241 | B7: /workspace/Exposicion2/notebook_MSR_VTT/data/raw/video1241.jpg | C7: /workspace/Exposicion2/notebook_MSR_VTT/data/msr-vtt/videos/video1241.mp4 | D7: a game of soccer is being played | E7: a soccer game is being played in a stadium
A8: video1247 | B8: /workspace/Exposicion2/notebook_MSR_VTT/data/raw/video1247.jpg | C8: /workspace/Exposicion2/notebook_MSR_VTT/data/msr-vtt/videos/video1247.mp4 | D8: a football player scores a touchdown | E8: a football game is being played on the field
A9: video1249 | B9: /workspace/Exposicion2/notebook_MSR_VTT/data/raw/video1249.jpg | C9: /workspace/Exposicion2/notebook_MSR_VTT/data/msr-vtt/videos/video1249.mp4 | D9: a clip of a football game | E9: a football player is running for the ball
A10: video1295 | B10: /workspace/Exposicion2/notebook_MSR_VTT/data/raw/video1295.jpg | C10: /workspace/Exposicion2/notebook_MSR_VTT/data/msr-vtt/videos/video1295.mp4 | D10: a football player makes a point for his team | E10: a football game is being played on the field
A11: video1327 | B11: /workspace/Exposicion2/notebook_MSR_VTT/data/raw/video1327.jpg | C11: /workspace/Exposicion2/notebook_MSR_VTT/data/msr-vtt/videos/video1327.mp4 | D11: a clip of a soccer match | E11: a soccer game with a player in the middle of the field
A12: video1329 | B12: /workspace/Exposicion2/notebook_MSR_VTT/data/raw/video1329.jpg | C12: /workspace/Exposicion2/notebook_MSR_VTT/data/msr-vtt/videos/video1329.mp4 | D12: a basketball assist leads to a slam-dunk | E12: a basketball player is trying to block the ball
... A117: video4201 | B117: /workspace/Exposicion2/notebook_MSR_VTT/data/raw/video4201.jpg | C117: /workspace/Exposicion2/notebook_MSR_VTT/data/msr-vtt/videos/video4201.mp4 | D117: a basketball player lands a shot from half court | E117: a baseball player is throwing a ball at the plate
